<?xml version="1.0"?>
<!--<!DOCTYPE metadata SYSTEM "http://www.esri.com/metadata/esriprof80.dtd">-->
<metadata xml:lang="en"><Esri><CreaDate>20131022</CreaDate><CreaTime>15445800</CreaTime><SyncOnce>FALSE</SyncOnce><MetaID>{525A9BCF-08D9-408F-93D9-84744262576D}</MetaID><SyncDate>20131022</SyncDate><SyncTime>15464900</SyncTime><ModDate>20131022</ModDate><ModTime>15464900</ModTime><DataProperties><lineage><Process ToolSource="C:\Archivos de programa\ArcGIS\ArcToolbox\Toolboxes\Analysis Tools.tbx\Clip" Date="20131022" Time="154709">Clip "E:\IDAE2\Clase 1\TOTAL_MUNICIPIOS_2010_CENSO_borr.shp" "E:\IDAE2\Clase 1\barrios.shp" "E:\IDAE2\Clase 1\censo2010_caba.shp" #</Process><Process ToolSource="C:\Archivos de programa\ArcGIS\ArcToolbox\Toolboxes\Data Management Tools.tbx\DeleteField" Date="20131022" Time="155249">DeleteField "E:\IDAE2\Clase 1\censo2010_caba.shp" MUNICIPIO;LINK_2001;LINK_2010;MUNICIPI_1;LINK__2011;LINK__2002;DENS01XCP;POB01XCP;VIV01XCP;HOG01XCP;HAC_HO01;Z_AGUA01;Z_CLOA01;Z_GAS01;Z_PAV01;Z_ALUM01;Z_NBI01;Z_NBIH01;Z_NVIV01;Z_NINO01;Z_NEDU01;Z_DESO01;Z_OCUP01;Z_INMI01;Z_NTEN01;Z_PAV10;Z_ALUM10;D_DENS;D_POB;D_VIV;D_HOG;D_ZPOB;D_ZVIV;D_ZHOG;D_HAC_HO;D_Z_AGUA;D_Z_CLOA;D_Z_GAS;D_Z_PAV;D_Z_ALUM;D_Z_NBI;D_Z_NBIH;D_Z_NVIV;D_Z_NINO;D_Z_NEDU;D_Z_DESO;D_OCUP;D_INMI;D_NTEN;POB10EN1;SUP10EN1;CXPOB;CXSUP;SUP01;POB01;VIV01;HOG01;DENS01_01;AGUA01;CLOAC01;GAS01;PAVIM01;ALUM01;NBI01;NBI_H01;NO_VIV01;NO_INO01;NO_EDU01;DESOC01;OCUP01;INMIG01;NO_TEN01;PAVIM10;ALUM10 "E:\IDAE2\Clase 1\censo2010_caba.shp"</Process><Process ToolSource="C:\Archivos de programa\ArcGIS\ArcToolbox\Toolboxes\Data Management Tools.tbx\DeleteField" Date="20131022" Time="155356">DeleteField "E:\IDAE2\Clase 1\censo2010_caba.shp" POBL_2010;MUNICIPIO;LINK_2001;LINK_2010;MUNICIPI_1;LINK__2011;LINK__2002;DENS01XCP;POB01XCP;VIV01XCP;HOG01XCP;HAC_HO01;Z_AGUA01;Z_CLOA01;Z_GAS01;Z_PAV01;Z_ALUM01;Z_NBI01;Z_NBIH01;Z_NVIV01;Z_NINO01;Z_NEDU01;Z_DESO01;Z_OCUP01;Z_INMI01;Z_NTEN01;Z_PAV10;Z_ALUM10;D_DENS;D_POB;D_VIV;D_HOG;D_ZPOB;D_ZVIV;D_ZHOG;D_HAC_HO;D_Z_AGUA;D_Z_CLOA;D_Z_GAS;D_Z_PAV;D_Z_ALUM;D_Z_NBI;D_Z_NBIH;D_Z_NVIV;D_Z_NINO;D_Z_NEDU;D_Z_DESO;D_OCUP;D_INMI;D_NTEN;POB10EN1;SUP10EN1;CXPOB;CXSUP;SUP01;POB01;VIV01;HOG01;DENS01_01;AGUA01;CLOAC01;GAS01;PAVIM01;ALUM01;NBI01;NBI_H01;NO_VIV01;NO_INO01;NO_EDU01;DESOC01;OCUP01;INMIG01;NO_TEN01;PAVIM10;ALUM10 "E:\IDAE2\Clase 1\censo2010_caba.shp"</Process><Process ToolSource="C:\Archivos de programa\ArcGIS\ArcToolbox\Toolboxes\Data Management Tools.tbx\DefineProjection" Date="20131022" Time="183045">DefineProjection censo2010_caba PROJCS['Custom',GEOGCS['GCS_Campo_Inchauspe',DATUM['D_Campo_Inchauspe',SPHEROID['International_1924',6378388.0,297.0]],PRIMEM['Greenwich',0.0],UNIT['Degree',0.0174532925199433]],PROJECTION['Transverse_Mercator'],PARAMETER['False_Easting',100000.0],PARAMETER['False_Northing',100000.0],PARAMETER['Central_Meridian',-58.4627],PARAMETER['Scale_Factor',0.999998],PARAMETER['Central_Parallel',-34.6297166],UNIT['Meter',1.0]] censo2010_caba</Process><Process ToolSource="C:\Archivos de programa\ArcGIS\ArcToolbox\Toolboxes\Data Management Tools.tbx\DefineProjection" Date="20131022" Time="183305">DefineProjection censo2010_caba PROJCS['Argentina_GKBsAs',GEOGCS['GCS_Campo_Inchauspe',DATUM['D_Campo_Inchauspe',SPHEROID['International_1924',6378388.0,297.0]],PRIMEM['Greenwich',0.0],UNIT['Degree',0.0174532925199433]],PROJECTION['Transverse_Mercator'],PARAMETER['False_Easting',100000.0],PARAMETER['False_Northing',100000.0],PARAMETER['Central_Meridian',-58.4627],PARAMETER['Scale_Factor',0.999998],PARAMETER['Latitude_Of_Origin',-34.6297166],UNIT['Meter',1.0]] censo2010_caba</Process><Process ToolSource="C:\Archivos de programa\ArcGIS\ArcToolbox\Toolboxes\Data Management Tools.tbx\DefineProjection" Date="20131022" Time="183526">DefineProjection censo2010_caba PROJCS['Custom',GEOGCS['GCS_Campo_Inchauspe',DATUM['D_Campo_Inchauspe',SPHEROID['International_1924',6378388.0,297.0]],PRIMEM['Greenwich',0.0],UNIT['Degree',0.0174532925199433]],PROJECTION['Transverse_Mercator'],PARAMETER['False_Easting',100000.0],PARAMETER['False_Northing',100000.0],PARAMETER['Central_Meridian',-58.4627],PARAMETER['Scale_Factor',0.999998],PARAMETER['Central_Parallel',-34.6297166],UNIT['Meter',1.0]] censo2010_caba</Process><Process ToolSource="C:\Archivos de programa\ArcGIS\ArcToolbox\Toolboxes\Data Management Tools.tbx\DefineProjection" Date="20131022" Time="183618">DefineProjection censo2010_caba PROJCS['POSGAR_1994_Argentina_Zone_5',GEOGCS['GCS_POSGAR_1994',DATUM['D_POSGAR_1994',SPHEROID['GRS_1980',6378137.0,298.257222101]],PRIMEM['Greenwich',0.0],UNIT['Degree',0.0174532925199433]],PROJECTION['Transverse_Mercator'],PARAMETER['False_Easting',5500000.0],PARAMETER['False_Northing',0.0],PARAMETER['Central_Meridian',-60.0],PARAMETER['Scale_Factor',1.0],PARAMETER['Latitude_Of_Origin',-90.0],UNIT['Meter',1.0]] censo2010_caba</Process></lineage></DataProperties></Esri><idinfo><citation><citeinfo><onlink Sync="TRUE">\\vboxsrv\Documents\IDAE2\Clase 1\censo2010_caba</onlink><origin>REQUIRED: The name of an organization or individual that developed the data set.</origin><pubdate>REQUIRED: The date when the data set is published or otherwise made available for release.</pubdate><title Sync="TRUE">censo2010_caba</title><ftname Sync="TRUE">censo2010_caba</ftname><geoform Sync="TRUE">vector digital data</geoform></citeinfo></citation><native Sync="TRUE">Microsoft Windows XP Version 5.1 (Build 2600) Service Pack 3; ESRI ArcCatalog 9.3.0.1770</native><descript><langdata Sync="TRUE">en</langdata><abstract>REQUIRED: A brief narrative summary of the data set.</abstract><purpose>REQUIRED: A summary of the intentions with which the data set was developed.</purpose></descript><timeperd><current>REQUIRED: The basis on which the time period of content information is determined.</current><timeinfo><sngdate><caldate>REQUIRED: The year (and optionally month, or month and day) for which the data set corresponds to the ground.</caldate></sngdate></timeinfo></timeperd><status><progress>REQUIRED: The state of the data set.</progress><update>REQUIRED: The frequency with which changes and additions are made to the data set after the initial data set is completed.</update></status><spdom><bounding><westbc Sync="TRUE">REQUIRED: Western-most coordinate of the limit of coverage expressed in longitude.</westbc><eastbc Sync="TRUE">REQUIRED: Eastern-most coordinate of the limit of coverage expressed in longitude.</eastbc><northbc Sync="TRUE">REQUIRED: Northern-most coordinate of the limit of coverage expressed in latitude.</northbc><southbc Sync="TRUE">REQUIRED: Southern-most coordinate of the limit of coverage expressed in latitude.</southbc></bounding></spdom><keywords><theme><themekt>REQUIRED: Reference to a formally registered thesaurus or a similar authoritative source of theme keywords.</themekt><themekey>REQUIRED: Common-use word or phrase used to describe the subject of the data set.</themekey></theme></keywords><accconst>REQUIRED: Restrictions and legal prerequisites for accessing the data set.</accconst><useconst>REQUIRED: Restrictions and legal prerequisites for using the data set after access is granted.</useconst><natvform Sync="TRUE">Shapefile</natvform></idinfo><distInfo><distributor><distorTran><onLineSrc><linkage Sync="TRUE">file://\\vboxsrv\Documents\IDAE2\Clase 1\censo2010_caba</linkage><protocol Sync="TRUE">Local Area Network</protocol><orDesc Sync="TRUE">002</orDesc></onLineSrc><transSize Sync="TRUE">0.000</transSize></distorTran><distorFormat><formatName Sync="TRUE">Shapefile</formatName></distorFormat></distributor></distInfo><dataqual><lineage><procstep><procdesc Sync="TRUE">Dataset copied.</procdesc><srcused Sync="TRUE">F:\CIPUV\LINCOLN\RADIOS CENSALES ADN\SHP 2010 borrador\TOTAL_MUNICIPIOS_2010_CENSO_borr</srcused><procdate Sync="TRUE">20131022</procdate><proctime Sync="TRUE">15445800</proctime></procstep><procstep><procdesc Sync="TRUE">Dataset moved.</procdesc><srcused Sync="TRUE">E:\IDAE2\Clase 1\censo2010_caba</srcused><procdate Sync="TRUE">20131025</procdate><proctime Sync="TRUE">16430800</proctime></procstep><procstep><procdesc Sync="TRUE">Dataset moved.</procdesc><srcused Sync="TRUE">E:\IDAE2\Clase2\censo2010_caba</srcused><procdate Sync="TRUE">20131025</procdate><proctime Sync="TRUE">16431700</proctime></procstep></lineage></dataqual><dataIdInfo><envirDesc Sync="TRUE">Microsoft Windows XP Version 5.1 (Build 2600) Service Pack 3; ESRI ArcCatalog 9.3.0.1770</envirDesc><dataLang><languageCode Sync="TRUE" value="en"></languageCode></dataLang><idCitation><resTitle Sync="TRUE">censo2010_caba</resTitle><presForm><PresFormCd Sync="TRUE" value="005"></PresFormCd></presForm></idCitation><spatRpType><SpatRepTypCd Sync="TRUE" value="001"></SpatRepTypCd></spatRpType></dataIdInfo><metainfo><langmeta Sync="TRUE">en</langmeta><metstdn Sync="TRUE">FGDC Content Standards for Digital Geospatial Metadata</metstdn><metstdv Sync="TRUE">FGDC-STD-001-1998</metstdv><mettc Sync="TRUE">local time</mettc><metextns><onlink Sync="TRUE">http://www.esri.com/metadata/esriprof80.html</onlink><metprof Sync="TRUE">ESRI Metadata Profile</metprof></metextns><metc><cntinfo><cntorgp><cntper>REQUIRED: The person responsible for the metadata information.</cntper><cntorg>REQUIRED: The organization responsible for the metadata information.</cntorg></cntorgp><cntaddr><addrtype>REQUIRED: The mailing and/or physical address for the organization or individual.</addrtype><city>REQUIRED: The city of the address.</city><state>REQUIRED: The state or province of the address.</state><postal>REQUIRED: The ZIP or other postal code of the address.</postal></cntaddr><cntvoice>REQUIRED: The telephone number by which individuals can speak to the organization or individual.</cntvoice></cntinfo></metc><metd Sync="TRUE">20131022</metd></metainfo><mdLang><languageCode Sync="TRUE" value="en"></languageCode></mdLang><mdStanName Sync="TRUE">ISO 19115 Geographic Information - Metadata</mdStanName><mdStanVer Sync="TRUE">DIS_ESRI1.0</mdStanVer><mdChar><CharSetCd Sync="TRUE" value="004"></CharSetCd></mdChar><mdHrLv><ScopeCd Sync="TRUE" value="005"></ScopeCd></mdHrLv><mdHrLvName Sync="TRUE">dataset</mdHrLvName><distinfo><resdesc Sync="TRUE">Downloadable Data</resdesc><stdorder><digform><digtinfo><transize Sync="TRUE">0.000</transize><dssize Sync="TRUE">0.000</dssize></digtinfo></digform></stdorder></distinfo><spdoinfo><direct Sync="TRUE">Vector</direct><ptvctinf><esriterm Name="censo2010_caba"><efeatyp Sync="TRUE">Simple</efeatyp><efeageom Sync="TRUE">Polygon</efeageom><esritopo Sync="TRUE">FALSE</esritopo><efeacnt Sync="TRUE">0</efeacnt><spindex Sync="TRUE">FALSE</spindex><linrefer Sync="TRUE">FALSE</linrefer></esriterm><sdtsterm Name="censo2010_caba"><sdtstype Sync="TRUE">G-polygon</sdtstype><ptvctcnt Sync="TRUE">0</ptvctcnt></sdtsterm></ptvctinf></spdoinfo><spref><horizsys><cordsysn><geogcsn Sync="TRUE">GCS_POSGAR_1994</geogcsn><projcsn Sync="TRUE">POSGAR_1994_Argentina_Zone_5</projcsn></cordsysn><planar><mapproj><mapprojn Sync="TRUE">Transverse Mercator</mapprojn><transmer><sfctrmer Sync="TRUE">1.000000</sfctrmer><longcm Sync="TRUE">-60.000000</longcm><latprjo Sync="TRUE">-90.000000</latprjo><feast Sync="TRUE">5500000.000000</feast><fnorth Sync="TRUE">0.000000</fnorth></transmer></mapproj><planci><plance Sync="TRUE">coordinate pair</plance><plandu Sync="TRUE">meters</plandu><coordrep><absres Sync="TRUE">0.000000</absres><ordres Sync="TRUE">0.000000</ordres></coordrep></planci></planar><geodetic><horizdn Sync="TRUE">D_POSGAR_1994</horizdn><ellips Sync="TRUE">Geodetic Reference System 80</ellips><semiaxis Sync="TRUE">6378137.000000</semiaxis><denflat Sync="TRUE">298.257222</denflat></geodetic></horizsys></spref><refSysInfo><RefSystem><refSysID><identCode Sync="TRUE">POSGAR_1994_Argentina_Zone_5</identCode></refSysID></RefSystem></refSysInfo><spatRepInfo><VectSpatRep><topLvl><TopoLevCd Sync="TRUE" value="001"></TopoLevCd></topLvl><geometObjs Name="censo2010_caba"><geoObjTyp><GeoObjTypCd Sync="TRUE" value="001"></GeoObjTypCd></geoObjTyp><geoObjCnt Sync="TRUE">0</geoObjCnt></geometObjs></VectSpatRep></spatRepInfo><eainfo><detailed Name="censo2010_caba"><enttyp><enttypl Sync="TRUE">censo2010_caba</enttypl><enttypt Sync="TRUE">Feature Class</enttypt><enttypc Sync="TRUE">0</enttypc></enttyp><attr><attrlabl Sync="TRUE">FID</attrlabl><attalias Sync="TRUE">FID</attalias><attrtype Sync="TRUE">OID</attrtype><attwidth Sync="TRUE">4</attwidth><atprecis Sync="TRUE">0</atprecis><attscale Sync="TRUE">0</attscale><attrdef Sync="TRUE">Internal feature number.</attrdef><attrdefs Sync="TRUE">ESRI</attrdefs><attrdomv><udom Sync="TRUE">Sequential unique whole numbers that are automatically generated.</udom></attrdomv></attr><attr><attrlabl Sync="TRUE">Shape</attrlabl><attalias Sync="TRUE">Shape</attalias><attrtype Sync="TRUE">Geometry</attrtype><attwidth Sync="TRUE">0</attwidth><atprecis Sync="TRUE">0</atprecis><attscale Sync="TRUE">0</attscale><attrdef Sync="TRUE">Feature geometry.</attrdef><attrdefs Sync="TRUE">ESRI</attrdefs><attrdomv><udom Sync="TRUE">Coordinates defining the features.</udom></attrdomv></attr><attr><attrlabl Sync="TRUE">MUNICIPIO</attrlabl><attalias Sync="TRUE">MUNICIPIO</attalias><attrtype Sync="TRUE">String</attrtype><attwidth Sync="TRUE">21</attwidth></attr><attr><attrlabl Sync="TRUE">LINK_2001</attrlabl><attalias Sync="TRUE">LINK_2001</attalias><attrtype Sync="TRUE">Number</attrtype><attwidth Sync="TRUE">13</attwidth><atnumdec Sync="TRUE">2</atnumdec></attr><attr><attrlabl Sync="TRUE">LINK_2010</attrlabl><attalias Sync="TRUE">LINK_2010</attalias><attrtype Sync="TRUE">Float</attrtype><attwidth Sync="TRUE">19</attwidth><atnumdec Sync="TRUE">11</atnumdec></attr><attr><attrlabl Sync="TRUE">POBL_2010</attrlabl><attalias Sync="TRUE">POBL_2010</attalias><attrtype Sync="TRUE">Float</attrtype><attwidth Sync="TRUE">19</attwidth><atnumdec Sync="TRUE">11</atnumdec></attr><attr><attrlabl Sync="TRUE">MUNICIPI_1</attrlabl><attalias Sync="TRUE">MUNICIPI_1</attalias><attrtype Sync="TRUE">String</attrtype><attwidth Sync="TRUE">254</attwidth></attr><attr><attrlabl Sync="TRUE">LINK__2011</attrlabl><attalias Sync="TRUE">LINK__2011</attalias><attrtype Sync="TRUE">Number</attrtype><attwidth Sync="TRUE">19</attwidth><atnumdec Sync="TRUE">6</atnumdec></attr><attr><attrlabl Sync="TRUE">LINK__2002</attrlabl><attalias Sync="TRUE">LINK__2002</attalias><attrtype Sync="TRUE">Number</attrtype><attwidth Sync="TRUE">19</attwidth><atnumdec Sync="TRUE">6</atnumdec></attr><attr><attrlabl Sync="TRUE">SUP10</attrlabl><attalias Sync="TRUE">SUP10</attalias><attrtype Sync="TRUE">Number</attrtype><attwidth Sync="TRUE">19</attwidth><atnumdec Sync="TRUE">6</atnumdec></attr><attr><attrlabl Sync="TRUE">DENS01XCP</attrlabl><attalias Sync="TRUE">DENS01XCP</attalias><attrtype Sync="TRUE">Number</attrtype><attwidth Sync="TRUE">19</attwidth><atnumdec Sync="TRUE">6</atnumdec></attr><attr><attrlabl Sync="TRUE">POB01XCP</attrlabl><attalias Sync="TRUE">POB01XCP</attalias><attrtype Sync="TRUE">Number</attrtype><attwidth Sync="TRUE">19</attwidth><atnumdec Sync="TRUE">6</atnumdec></attr><attr><attrlabl Sync="TRUE">VIV01XCP</attrlabl><attalias Sync="TRUE">VIV01XCP</attalias><attrtype Sync="TRUE">Number</attrtype><attwidth Sync="TRUE">19</attwidth><atnumdec Sync="TRUE">6</atnumdec></attr><attr><attrlabl Sync="TRUE">HOG01XCP</attrlabl><attalias Sync="TRUE">HOG01XCP</attalias><attrtype Sync="TRUE">Number</attrtype><attwidth Sync="TRUE">19</attwidth><atnumdec Sync="TRUE">6</atnumdec></attr><attr><attrlabl Sync="TRUE">HAC_HO01</attrlabl><attalias Sync="TRUE">HAC_HO01</attalias><attrtype Sync="TRUE">Number</attrtype><attwidth Sync="TRUE">19</attwidth><atnumdec Sync="TRUE">6</atnumdec></attr><attr><attrlabl Sync="TRUE">Z_AGUA01</attrlabl><attalias Sync="TRUE">Z_AGUA01</attalias><attrtype Sync="TRUE">Number</attrtype><attwidth Sync="TRUE">19</attwidth><atnumdec Sync="TRUE">6</atnumdec></attr><attr><attrlabl Sync="TRUE">Z_CLOA01</attrlabl><attalias Sync="TRUE">Z_CLOA01</attalias><attrtype Sync="TRUE">Number</attrtype><attwidth Sync="TRUE">19</attwidth><atnumdec Sync="TRUE">6</atnumdec></attr><attr><attrlabl Sync="TRUE">Z_GAS01</attrlabl><attalias Sync="TRUE">Z_GAS01</attalias><attrtype Sync="TRUE">Number</attrtype><attwidth Sync="TRUE">19</attwidth><atnumdec Sync="TRUE">6</atnumdec></attr><attr><attrlabl Sync="TRUE">Z_PAV01</attrlabl><attalias Sync="TRUE">Z_PAV01</attalias><attrtype Sync="TRUE">Number</attrtype><attwidth Sync="TRUE">19</attwidth><atnumdec Sync="TRUE">6</atnumdec></attr><attr><attrlabl Sync="TRUE">Z_ALUM01</attrlabl><attalias Sync="TRUE">Z_ALUM01</attalias><attrtype Sync="TRUE">Number</attrtype><attwidth Sync="TRUE">19</attwidth><atnumdec Sync="TRUE">6</atnumdec></attr><attr><attrlabl Sync="TRUE">Z_NBI01</attrlabl><attalias Sync="TRUE">Z_NBI01</attalias><attrtype Sync="TRUE">Number</attrtype><attwidth Sync="TRUE">19</attwidth><atnumdec Sync="TRUE">6</atnumdec></attr><attr><attrlabl Sync="TRUE">Z_NBIH01</attrlabl><attalias Sync="TRUE">Z_NBIH01</attalias><attrtype Sync="TRUE">Number</attrtype><attwidth Sync="TRUE">19</attwidth><atnumdec Sync="TRUE">6</atnumdec></attr><attr><attrlabl Sync="TRUE">Z_NVIV01</attrlabl><attalias Sync="TRUE">Z_NVIV01</attalias><attrtype Sync="TRUE">Number</attrtype><attwidth Sync="TRUE">19</attwidth><atnumdec Sync="TRUE">6</atnumdec></attr><attr><attrlabl Sync="TRUE">Z_NINO01</attrlabl><attalias Sync="TRUE">Z_NINO01</attalias><attrtype Sync="TRUE">Number</attrtype><attwidth Sync="TRUE">19</attwidth><atnumdec Sync="TRUE">6</atnumdec></attr><attr><attrlabl Sync="TRUE">Z_NEDU01</attrlabl><attalias Sync="TRUE">Z_NEDU01</attalias><attrtype Sync="TRUE">Number</attrtype><attwidth Sync="TRUE">19</attwidth><atnumdec Sync="TRUE">6</atnumdec></attr><attr><attrlabl Sync="TRUE">Z_DESO01</attrlabl><attalias Sync="TRUE">Z_DESO01</attalias><attrtype Sync="TRUE">Number</attrtype><attwidth Sync="TRUE">19</attwidth><atnumdec Sync="TRUE">6</atnumdec></attr><attr><attrlabl Sync="TRUE">Z_OCUP01</attrlabl><attalias Sync="TRUE">Z_OCUP01</attalias><attrtype Sync="TRUE">Number</attrtype><attwidth Sync="TRUE">19</attwidth><atnumdec Sync="TRUE">6</atnumdec></attr><attr><attrlabl Sync="TRUE">Z_INMI01</attrlabl><attalias Sync="TRUE">Z_INMI01</attalias><attrtype Sync="TRUE">Number</attrtype><attwidth Sync="TRUE">19</attwidth><atnumdec Sync="TRUE">6</atnumdec></attr><attr><attrlabl Sync="TRUE">Z_NTEN01</attrlabl><attalias Sync="TRUE">Z_NTEN01</attalias><attrtype Sync="TRUE">Number</attrtype><attwidth Sync="TRUE">19</attwidth><atnumdec Sync="TRUE">6</atnumdec></attr><attr><attrlabl Sync="TRUE">DENS10</attrlabl><attalias Sync="TRUE">DENS10</attalias><attrtype Sync="TRUE">Number</attrtype><attwidth Sync="TRUE">19</attwidth><atnumdec Sync="TRUE">6</atnumdec></attr><attr><attrlabl Sync="TRUE">POB10</attrlabl><attalias Sync="TRUE">POB10</attalias><attrtype Sync="TRUE">Number</attrtype><attwidth Sync="TRUE">19</attwidth><atnumdec Sync="TRUE">6</atnumdec></attr><attr><attrlabl Sync="TRUE">VIV10</attrlabl><attalias Sync="TRUE">VIV10</attalias><attrtype Sync="TRUE">Number</attrtype><attwidth Sync="TRUE">19</attwidth><atnumdec Sync="TRUE">6</atnumdec></attr><attr><attrlabl Sync="TRUE">HOG10</attrlabl><attalias Sync="TRUE">HOG10</attalias><attrtype Sync="TRUE">Number</attrtype><attwidth Sync="TRUE">19</attwidth><atnumdec Sync="TRUE">6</atnumdec></attr><attr><attrlabl Sync="TRUE">HAC_HO10</attrlabl><attalias Sync="TRUE">HAC_HO10</attalias><attrtype Sync="TRUE">Number</attrtype><attwidth Sync="TRUE">19</attwidth><atnumdec Sync="TRUE">6</atnumdec></attr><attr><attrlabl Sync="TRUE">Z_AGUA10</attrlabl><attalias Sync="TRUE">Z_AGUA10</attalias><attrtype Sync="TRUE">Number</attrtype><attwidth Sync="TRUE">19</attwidth><atnumdec Sync="TRUE">6</atnumdec></attr><attr><attrlabl Sync="TRUE">Z_CLOA10</attrlabl><attalias Sync="TRUE">Z_CLOA10</attalias><attrtype Sync="TRUE">Number</attrtype><attwidth Sync="TRUE">19</attwidth><atnumdec Sync="TRUE">6</atnumdec></attr><attr><attrlabl Sync="TRUE">Z_GAS10</attrlabl><attalias Sync="TRUE">Z_GAS10</attalias><attrtype Sync="TRUE">Number</attrtype><attwidth Sync="TRUE">19</attwidth><atnumdec Sync="TRUE">6</atnumdec></attr><attr><attrlabl Sync="TRUE">Z_PAV10</attrlabl><attalias Sync="TRUE">Z_PAV10</attalias><attrtype Sync="TRUE">Number</attrtype><attwidth Sync="TRUE">19</attwidth><atnumdec Sync="TRUE">6</atnumdec></attr><attr><attrlabl Sync="TRUE">Z_ALUM10</attrlabl><attalias Sync="TRUE">Z_ALUM10</attalias><attrtype Sync="TRUE">Number</attrtype><attwidth Sync="TRUE">19</attwidth><atnumdec Sync="TRUE">6</atnumdec></attr><attr><attrlabl Sync="TRUE">Z_NBI10</attrlabl><attalias Sync="TRUE">Z_NBI10</attalias><attrtype Sync="TRUE">Number</attrtype><attwidth Sync="TRUE">19</attwidth><atnumdec Sync="TRUE">6</atnumdec></attr><attr><attrlabl Sync="TRUE">Z_NBIH10</attrlabl><attalias Sync="TRUE">Z_NBIH10</attalias><attrtype Sync="TRUE">Number</attrtype><attwidth Sync="TRUE">19</attwidth><atnumdec Sync="TRUE">6</atnumdec></attr><attr><attrlabl Sync="TRUE">Z_NVIV10</attrlabl><attalias Sync="TRUE">Z_NVIV10</attalias><attrtype Sync="TRUE">Number</attrtype><attwidth Sync="TRUE">19</attwidth><atnumdec Sync="TRUE">6</atnumdec></attr><attr><attrlabl Sync="TRUE">Z_NINO10</attrlabl><attalias Sync="TRUE">Z_NINO10</attalias><attrtype Sync="TRUE">Number</attrtype><attwidth Sync="TRUE">19</attwidth><atnumdec Sync="TRUE">6</atnumdec></attr><attr><attrlabl Sync="TRUE">Z_NEDU10</attrlabl><attalias Sync="TRUE">Z_NEDU10</attalias><attrtype Sync="TRUE">Number</attrtype><attwidth Sync="TRUE">19</attwidth><atnumdec Sync="TRUE">6</atnumdec></attr><attr><attrlabl Sync="TRUE">Z_DESO10</attrlabl><attalias Sync="TRUE">Z_DESO10</attalias><attrtype Sync="TRUE">Number</attrtype><attwidth Sync="TRUE">19</attwidth><atnumdec Sync="TRUE">6</atnumdec></attr><attr><attrlabl Sync="TRUE">Z_OCUP10</attrlabl><attalias Sync="TRUE">Z_OCUP10</attalias><attrtype Sync="TRUE">Number</attrtype><attwidth Sync="TRUE">19</attwidth><atnumdec Sync="TRUE">6</atnumdec></attr><attr><attrlabl Sync="TRUE">Z_INMI10</attrlabl><attalias Sync="TRUE">Z_INMI10</attalias><attrtype Sync="TRUE">Number</attrtype><attwidth Sync="TRUE">19</attwidth><atnumdec Sync="TRUE">6</atnumdec></attr><attr><attrlabl Sync="TRUE">Z_NTEN10</attrlabl><attalias Sync="TRUE">Z_NTEN10</attalias><attrtype Sync="TRUE">Number</attrtype><attwidth Sync="TRUE">19</attwidth><atnumdec Sync="TRUE">6</atnumdec></attr><attr><attrlabl Sync="TRUE">D_DENS</attrlabl><attalias Sync="TRUE">D_DENS</attalias><attrtype Sync="TRUE">Number</attrtype><attwidth Sync="TRUE">19</attwidth><atnumdec Sync="TRUE">6</atnumdec></attr><attr><attrlabl Sync="TRUE">D_POB</attrlabl><attalias Sync="TRUE">D_POB</attalias><attrtype Sync="TRUE">Number</attrtype><attwidth Sync="TRUE">19</attwidth><atnumdec Sync="TRUE">6</atnumdec></attr><attr><attrlabl Sync="TRUE">D_VIV</attrlabl><attalias Sync="TRUE">D_VIV</attalias><attrtype Sync="TRUE">Number</attrtype><attwidth Sync="TRUE">19</attwidth><atnumdec Sync="TRUE">6</atnumdec></attr><attr><attrlabl Sync="TRUE">D_HOG</attrlabl><attalias Sync="TRUE">D_HOG</attalias><attrtype Sync="TRUE">Number</attrtype><attwidth Sync="TRUE">19</attwidth><atnumdec Sync="TRUE">6</atnumdec></attr><attr><attrlabl Sync="TRUE">D_ZPOB</attrlabl><attalias Sync="TRUE">D_ZPOB</attalias><attrtype Sync="TRUE">Number</attrtype><attwidth Sync="TRUE">19</attwidth><atnumdec Sync="TRUE">6</atnumdec></attr><attr><attrlabl Sync="TRUE">D_ZVIV</attrlabl><attalias Sync="TRUE">D_ZVIV</attalias><attrtype Sync="TRUE">Number</attrtype><attwidth Sync="TRUE">19</attwidth><atnumdec Sync="TRUE">6</atnumdec></attr><attr><attrlabl Sync="TRUE">D_ZHOG</attrlabl><attalias Sync="TRUE">D_ZHOG</attalias><attrtype Sync="TRUE">Number</attrtype><attwidth Sync="TRUE">19</attwidth><atnumdec Sync="TRUE">6</atnumdec></attr><attr><attrlabl Sync="TRUE">D_HAC_HO</attrlabl><attalias Sync="TRUE">D_HAC_HO</attalias><attrtype Sync="TRUE">Number</attrtype><attwidth Sync="TRUE">19</attwidth><atnumdec Sync="TRUE">6</atnumdec></attr><attr><attrlabl Sync="TRUE">D_Z_AGUA</attrlabl><attalias Sync="TRUE">D_Z_AGUA</attalias><attrtype Sync="TRUE">Number</attrtype><attwidth Sync="TRUE">19</attwidth><atnumdec Sync="TRUE">6</atnumdec></attr><attr><attrlabl Sync="TRUE">D_Z_CLOA</attrlabl><attalias Sync="TRUE">D_Z_CLOA</attalias><attrtype Sync="TRUE">Number</attrtype><attwidth Sync="TRUE">19</attwidth><atnumdec Sync="TRUE">6</atnumdec></attr><attr><attrlabl Sync="TRUE">D_Z_GAS</attrlabl><attalias Sync="TRUE">D_Z_GAS</attalias><attrtype Sync="TRUE">Number</attrtype><attwidth Sync="TRUE">19</attwidth><atnumdec Sync="TRUE">6</atnumdec></attr><attr><attrlabl Sync="TRUE">D_Z_PAV</attrlabl><attalias Sync="TRUE">D_Z_PAV</attalias><attrtype Sync="TRUE">Number</attrtype><attwidth Sync="TRUE">19</attwidth><atnumdec Sync="TRUE">6</atnumdec></attr><attr><attrlabl Sync="TRUE">D_Z_ALUM</attrlabl><attalias Sync="TRUE">D_Z_ALUM</attalias><attrtype Sync="TRUE">Number</attrtype><attwidth Sync="TRUE">19</attwidth><atnumdec Sync="TRUE">6</atnumdec></attr><attr><attrlabl Sync="TRUE">D_Z_NBI</attrlabl><attalias Sync="TRUE">D_Z_NBI</attalias><attrtype Sync="TRUE">Number</attrtype><attwidth Sync="TRUE">19</attwidth><atnumdec Sync="TRUE">6</atnumdec></attr><attr><attrlabl Sync="TRUE">D_Z_NBIH</attrlabl><attalias Sync="TRUE">D_Z_NBIH</attalias><attrtype Sync="TRUE">Number</attrtype><attwidth Sync="TRUE">19</attwidth><atnumdec Sync="TRUE">6</atnumdec></attr><attr><attrlabl Sync="TRUE">D_Z_NVIV</attrlabl><attalias Sync="TRUE">D_Z_NVIV</attalias><attrtype Sync="TRUE">Number</attrtype><attwidth Sync="TRUE">19</attwidth><atnumdec Sync="TRUE">6</atnumdec></attr><attr><attrlabl Sync="TRUE">D_Z_NINO</attrlabl><attalias Sync="TRUE">D_Z_NINO</attalias><attrtype Sync="TRUE">Number</attrtype><attwidth Sync="TRUE">19</attwidth><atnumdec Sync="TRUE">6</atnumdec></attr><attr><attrlabl Sync="TRUE">D_Z_NEDU</attrlabl><attalias Sync="TRUE">D_Z_NEDU</attalias><attrtype Sync="TRUE">Number</attrtype><attwidth Sync="TRUE">19</attwidth><atnumdec Sync="TRUE">6</atnumdec></attr><attr><attrlabl Sync="TRUE">D_Z_DESO</attrlabl><attalias Sync="TRUE">D_Z_DESO</attalias><attrtype Sync="TRUE">Number</attrtype><attwidth Sync="TRUE">19</attwidth><atnumdec Sync="TRUE">6</atnumdec></attr><attr><attrlabl Sync="TRUE">D_OCUP</attrlabl><attalias Sync="TRUE">D_OCUP</attalias><attrtype Sync="TRUE">Number</attrtype><attwidth Sync="TRUE">19</attwidth><atnumdec Sync="TRUE">6</atnumdec></attr><attr><attrlabl Sync="TRUE">D_INMI</attrlabl><attalias Sync="TRUE">D_INMI</attalias><attrtype Sync="TRUE">Number</attrtype><attwidth Sync="TRUE">19</attwidth><atnumdec Sync="TRUE">6</atnumdec></attr><attr><attrlabl Sync="TRUE">D_NTEN</attrlabl><attalias Sync="TRUE">D_NTEN</attalias><attrtype Sync="TRUE">Number</attrtype><attwidth Sync="TRUE">19</attwidth><atnumdec Sync="TRUE">6</atnumdec></attr><attr><attrlabl Sync="TRUE">POB10EN1</attrlabl><attalias Sync="TRUE">POB10EN1</attalias><attrtype Sync="TRUE">Number</attrtype><attwidth Sync="TRUE">19</attwidth><atnumdec Sync="TRUE">6</atnumdec></attr><attr><attrlabl Sync="TRUE">SUP10EN1</attrlabl><attalias Sync="TRUE">SUP10EN1</attalias><attrtype Sync="TRUE">Number</attrtype><attwidth Sync="TRUE">19</attwidth><atnumdec Sync="TRUE">6</atnumdec></attr><attr><attrlabl Sync="TRUE">CXPOB</attrlabl><attalias Sync="TRUE">CXPOB</attalias><attrtype Sync="TRUE">Number</attrtype><attwidth Sync="TRUE">19</attwidth><atnumdec Sync="TRUE">6</atnumdec></attr><attr><attrlabl Sync="TRUE">CXSUP</attrlabl><attalias Sync="TRUE">CXSUP</attalias><attrtype Sync="TRUE">Number</attrtype><attwidth Sync="TRUE">19</attwidth><atnumdec Sync="TRUE">6</atnumdec></attr><attr><attrlabl Sync="TRUE">SUP01</attrlabl><attalias Sync="TRUE">SUP01</attalias><attrtype Sync="TRUE">Number</attrtype><attwidth Sync="TRUE">19</attwidth><atnumdec Sync="TRUE">6</atnumdec></attr><attr><attrlabl Sync="TRUE">POB01</attrlabl><attalias Sync="TRUE">POB01</attalias><attrtype Sync="TRUE">Number</attrtype><attwidth Sync="TRUE">19</attwidth><atnumdec Sync="TRUE">6</atnumdec></attr><attr><attrlabl Sync="TRUE">VIV01</attrlabl><attalias Sync="TRUE">VIV01</attalias><attrtype Sync="TRUE">Number</attrtype><attwidth Sync="TRUE">19</attwidth><atnumdec Sync="TRUE">6</atnumdec></attr><attr><attrlabl Sync="TRUE">HOG01</attrlabl><attalias Sync="TRUE">HOG01</attalias><attrtype Sync="TRUE">Number</attrtype><attwidth Sync="TRUE">19</attwidth><atnumdec Sync="TRUE">6</atnumdec></attr><attr><attrlabl Sync="TRUE">DENS01_01</attrlabl><attalias Sync="TRUE">DENS01_01</attalias><attrtype Sync="TRUE">Number</attrtype><attwidth Sync="TRUE">19</attwidth><atnumdec Sync="TRUE">6</atnumdec></attr><attr><attrlabl Sync="TRUE">AGUA01</attrlabl><attalias Sync="TRUE">AGUA01</attalias><attrtype Sync="TRUE">Number</attrtype><attwidth Sync="TRUE">19</attwidth><atnumdec Sync="TRUE">6</atnumdec></attr><attr><attrlabl Sync="TRUE">CLOAC01</attrlabl><attalias Sync="TRUE">CLOAC01</attalias><attrtype Sync="TRUE">Number</attrtype><attwidth Sync="TRUE">19</attwidth><atnumdec Sync="TRUE">6</atnumdec></attr><attr><attrlabl Sync="TRUE">GAS01</attrlabl><attalias Sync="TRUE">GAS01</attalias><attrtype Sync="TRUE">Number</attrtype><attwidth Sync="TRUE">19</attwidth><atnumdec Sync="TRUE">6</atnumdec></attr><attr><attrlabl Sync="TRUE">PAVIM01</attrlabl><attalias Sync="TRUE">PAVIM01</attalias><attrtype Sync="TRUE">Number</attrtype><attwidth Sync="TRUE">19</attwidth><atnumdec Sync="TRUE">6</atnumdec></attr><attr><attrlabl Sync="TRUE">ALUM01</attrlabl><attalias Sync="TRUE">ALUM01</attalias><attrtype Sync="TRUE">Number</attrtype><attwidth Sync="TRUE">19</attwidth><atnumdec Sync="TRUE">6</atnumdec></attr><attr><attrlabl Sync="TRUE">NBI01</attrlabl><attalias Sync="TRUE">NBI01</attalias><attrtype Sync="TRUE">Number</attrtype><attwidth Sync="TRUE">19</attwidth><atnumdec Sync="TRUE">6</atnumdec></attr><attr><attrlabl Sync="TRUE">NBI_H01</attrlabl><attalias Sync="TRUE">NBI_H01</attalias><attrtype Sync="TRUE">Number</attrtype><attwidth Sync="TRUE">19</attwidth><atnumdec Sync="TRUE">6</atnumdec></attr><attr><attrlabl Sync="TRUE">NO_VIV01</attrlabl><attalias Sync="TRUE">NO_VIV01</attalias><attrtype Sync="TRUE">Number</attrtype><attwidth Sync="TRUE">19</attwidth><atnumdec Sync="TRUE">6</atnumdec></attr><attr><attrlabl Sync="TRUE">NO_INO01</attrlabl><attalias Sync="TRUE">NO_INO01</attalias><attrtype Sync="TRUE">Number</attrtype><attwidth Sync="TRUE">19</attwidth><atnumdec Sync="TRUE">6</atnumdec></attr><attr><attrlabl Sync="TRUE">NO_EDU01</attrlabl><attalias Sync="TRUE">NO_EDU01</attalias><attrtype Sync="TRUE">Number</attrtype><attwidth Sync="TRUE">19</attwidth><atnumdec Sync="TRUE">6</atnumdec></attr><attr><attrlabl Sync="TRUE">DESOC01</attrlabl><attalias Sync="TRUE">DESOC01</attalias><attrtype Sync="TRUE">Number</attrtype><attwidth Sync="TRUE">19</attwidth><atnumdec Sync="TRUE">6</atnumdec></attr><attr><attrlabl Sync="TRUE">OCUP01</attrlabl><attalias Sync="TRUE">OCUP01</attalias><attrtype Sync="TRUE">Number</attrtype><attwidth Sync="TRUE">19</attwidth><atnumdec Sync="TRUE">6</atnumdec></attr><attr><attrlabl Sync="TRUE">INMIG01</attrlabl><attalias Sync="TRUE">INMIG01</attalias><attrtype Sync="TRUE">Number</attrtype><attwidth Sync="TRUE">19</attwidth><atnumdec Sync="TRUE">6</atnumdec></attr><attr><attrlabl Sync="TRUE">NO_TEN01</attrlabl><attalias Sync="TRUE">NO_TEN01</attalias><attrtype Sync="TRUE">Number</attrtype><attwidth Sync="TRUE">19</attwidth><atnumdec Sync="TRUE">6</atnumdec></attr><attr><attrlabl Sync="TRUE">AGUA10</attrlabl><attalias Sync="TRUE">AGUA10</attalias><attrtype Sync="TRUE">Number</attrtype><attwidth Sync="TRUE">19</attwidth><atnumdec Sync="TRUE">6</atnumdec></attr><attr><attrlabl Sync="TRUE">CLOAC10</attrlabl><attalias Sync="TRUE">CLOAC10</attalias><attrtype Sync="TRUE">Number</attrtype><attwidth Sync="TRUE">19</attwidth><atnumdec Sync="TRUE">6</atnumdec></attr><attr><attrlabl Sync="TRUE">GAS10</attrlabl><attalias Sync="TRUE">GAS10</attalias><attrtype Sync="TRUE">Number</attrtype><attwidth Sync="TRUE">19</attwidth><atnumdec Sync="TRUE">6</atnumdec></attr><attr><attrlabl Sync="TRUE">PAVIM10</attrlabl><attalias Sync="TRUE">PAVIM10</attalias><attrtype Sync="TRUE">Number</attrtype><attwidth Sync="TRUE">19</attwidth><atnumdec Sync="TRUE">6</atnumdec></attr><attr><attrlabl Sync="TRUE">ALUM10</attrlabl><attalias Sync="TRUE">ALUM10</attalias><attrtype Sync="TRUE">Number</attrtype><attwidth Sync="TRUE">19</attwidth><atnumdec Sync="TRUE">6</atnumdec></attr><attr><attrlabl Sync="TRUE">NBI10</attrlabl><attalias Sync="TRUE">NBI10</attalias><attrtype Sync="TRUE">Number</attrtype><attwidth Sync="TRUE">19</attwidth><atnumdec Sync="TRUE">6</atnumdec></attr><attr><attrlabl Sync="TRUE">NBI_H10</attrlabl><attalias Sync="TRUE">NBI_H10</attalias><attrtype Sync="TRUE">Number</attrtype><attwidth Sync="TRUE">19</attwidth><atnumdec Sync="TRUE">6</atnumdec></attr><attr><attrlabl Sync="TRUE">NO_VIV10</attrlabl><attalias Sync="TRUE">NO_VIV10</attalias><attrtype Sync="TRUE">Number</attrtype><attwidth Sync="TRUE">19</attwidth><atnumdec Sync="TRUE">6</atnumdec></attr><attr><attrlabl Sync="TRUE">NO_INO10</attrlabl><attalias Sync="TRUE">NO_INO10</attalias><attrtype Sync="TRUE">Number</attrtype><attwidth Sync="TRUE">19</attwidth><atnumdec Sync="TRUE">6</atnumdec></attr><attr><attrlabl Sync="TRUE">NO_EDU10</attrlabl><attalias Sync="TRUE">NO_EDU10</attalias><attrtype Sync="TRUE">Number</attrtype><attwidth Sync="TRUE">19</attwidth><atnumdec Sync="TRUE">6</atnumdec></attr><attr><attrlabl Sync="TRUE">DESOC10</attrlabl><attalias Sync="TRUE">DESOC10</attalias><attrtype Sync="TRUE">Number</attrtype><attwidth Sync="TRUE">19</attwidth><atnumdec Sync="TRUE">6</atnumdec></attr><attr><attrlabl Sync="TRUE">OCUP10</attrlabl><attalias Sync="TRUE">OCUP10</attalias><attrtype Sync="TRUE">Number</attrtype><attwidth Sync="TRUE">19</attwidth><atnumdec Sync="TRUE">6</atnumdec></attr><attr><attrlabl Sync="TRUE">INMIG10</attrlabl><attalias Sync="TRUE">INMIG10</attalias><attrtype Sync="TRUE">Number</attrtype><attwidth Sync="TRUE">19</attwidth><atnumdec Sync="TRUE">6</atnumdec></attr><attr><attrlabl Sync="TRUE">NO_TEN10</attrlabl><attalias Sync="TRUE">NO_TEN10</attalias><attrtype Sync="TRUE">Number</attrtype><attwidth Sync="TRUE">19</attwidth><atnumdec Sync="TRUE">6</atnumdec></attr></detailed></eainfo><mdDateSt Sync="TRUE">20131022</mdDateSt></metadata>
