<?xml version="1.0" encoding="UTF-8"?>
<metadata xml:lang="es"><Esri><CreaDate>20190221</CreaDate><CreaTime>16192800</CreaTime><ArcGISFormat>1.0</ArcGISFormat><ArcGISstyle>INSPIRE Metadata Directive</ArcGISstyle><SyncOnce>FALSE</SyncOnce><DataProperties><lineage><Process ToolSource="c:\program files (x86)\arcgis\desktop10.5\ArcToolbox\Toolboxes\Analysis Tools.tbx\Near" Date="20190221" Time="161928">Near manzanasConvertidas Avenidas "400 Meters" NO_LOCATION NO_ANGLE PLANAR</Process><Process ToolSource="c:\program files (x86)\arcgis\desktop10.5\ArcToolbox\Toolboxes\Analysis Tools.tbx\Near" Date="20190221" Time="162016">Near manzanasConvertidas Avenidas "400 Meters" NO_LOCATION NO_ANGLE PLANAR</Process><Process ToolSource="c:\program files (x86)\arcgis\desktop10.5\ArcToolbox\Toolboxes\Analysis Tools.tbx\Near" Date="20190221" Time="162122">Near manzanasConvertidas C:\Users\Martin\OneDrive\Documents\UTDT\Cursos\GIS2\Tutorial\Clase0\Avenidas.lyr "400 Meters" NO_LOCATION NO_ANGLE PLANAR</Process><Process ToolSource="c:\program files (x86)\arcgis\desktop10.5\ArcToolbox\Toolboxes\Analysis Tools.tbx\Near" Date="20190221" Time="162757">Near manzanasConvertidas 'callejero selection' "400 Meters" NO_LOCATION NO_ANGLE PLANAR</Process><Process ToolSource="c:\program files (x86)\arcgis\desktop10.5\ArcToolbox\Toolboxes\Analysis Tools.tbx\Near" Date="20190221" Time="163157">Near manzanasConvertidas 'callejero selection' # NO_LOCATION NO_ANGLE PLANAR</Process><Process ToolSource="c:\program files (x86)\arcgis\desktop10.5\ArcToolbox\Toolboxes\Analysis Tools.tbx\Near" Date="20190221" Time="163624">Near C:\Users\Martin\OneDrive\Documents\UTDT\Cursos\GIS2\Tutorial\Clase0\Shapefiles\manzanasConvertidas.shp C:\Users\Martin\OneDrive\Documents\UTDT\Cursos\GIS2\Tutorial\Clase0\Avenidas.lyr # NO_LOCATION NO_ANGLE PLANAR</Process><Process ToolSource="c:\program files (x86)\arcgis\desktop10.5\ArcToolbox\Toolboxes\Analysis Tools.tbx\Near" Date="20190221" Time="182011">Near manzanasConvertidas 'callejero selection' # NO_LOCATION NO_ANGLE PLANAR</Process><Process ToolSource="c:\program files (x86)\arcgis\desktop10.5\ArcToolbox\Toolboxes\Data Management Tools.tbx\DefineProjection" Date="20190223" Time="141327">DefineProjection manzanasConvertidas PROJCS['Argentina_GKBsAs',GEOGCS['GCS_Campo_Inchauspe',DATUM['D_Campo_Inchauspe',SPHEROID['International_1924',6378388.0,297.0]],PRIMEM['Greenwich',0.0],UNIT['Degree',0.0174532925199433]],PROJECTION['Transverse_Mercator'],PARAMETER['False_Easting',100000.0],PARAMETER['False_Northing',100000.0],PARAMETER['Central_Meridian',-58.4627],PARAMETER['Scale_Factor',0.999998],PARAMETER['Latitude_Of_Origin',-34.6297166],UNIT['Meter',1.0]]</Process><Process ToolSource="c:\program files (x86)\arcgis\desktop10.5\ArcToolbox\Toolboxes\Analysis Tools.tbx\Near" Date="20190223" Time="165808">Near Manzanas Avenidas # NO_LOCATION NO_ANGLE PLANAR</Process><Process ToolSource="c:\program files (x86)\arcgis\desktop10.5\ArcToolbox\Toolboxes\Data Management Tools.tbx\CalculateField" Date="20190223" Time="172410">CalculateField Manzanas AV_DIST [NEAR_DIST] VB #</Process><Process ToolSource="c:\program files (x86)\arcgis\desktop10.5\ArcToolbox\Toolboxes\Analysis Tools.tbx\Near" Date="20190223" Time="172426">Near Manzanas CESAC # NO_LOCATION NO_ANGLE PLANAR</Process><Process ToolSource="c:\program files (x86)\arcgis\desktop10.5\ArcToolbox\Toolboxes\Data Management Tools.tbx\CalculateField" Date="20190223" Time="172451">CalculateField Manzanas CESAC_DIST [NEAR_DIST] VB #</Process><Process ToolSource="c:\program files (x86)\arcgis\desktop10.5\ArcToolbox\Toolboxes\Analysis Tools.tbx\Near" Date="20190313" Time="200414">Near manzanasConvertidas 'callejero selection' # NO_LOCATION NO_ANGLE PLANAR</Process><Process ToolSource="c:\program files (x86)\arcgis\desktop10.5\ArcToolbox\Toolboxes\Analysis Tools.tbx\Near" Date="20190318" Time="183025">Near manzanasConvertidas Avenidas # NO_LOCATION NO_ANGLE PLANAR</Process></lineage><itemProps><itemName Sync="TRUE">manzanasConvertidas_1</itemName><imsContentType Sync="TRUE">002</imsContentType><itemSize Sync="TRUE">0.000</itemSize><itemLocation><linkage Sync="TRUE">file://\\DESKTOP-VN1A829\C$\Users\Martin\Desktop\Clase 1\Shapefiles\Manzanas\manzanasConvertidas_1.shp</linkage><protocol Sync="TRUE">Local Area Network</protocol></itemLocation></itemProps><coordRef><type Sync="TRUE">Projected</type><geogcsn Sync="TRUE">GCS_Campo_Inchauspe</geogcsn><csUnits Sync="TRUE">Linear Unit: Meter (1.000000)</csUnits><projcsn Sync="TRUE">Argentina_GKBsAs</projcsn><peXml Sync="TRUE">&lt;ProjectedCoordinateSystem xsi:type='typens:ProjectedCoordinateSystem' xmlns:xsi='http://www.w3.org/2001/XMLSchema-instance' xmlns:xs='http://www.w3.org/2001/XMLSchema' xmlns:typens='http://www.esri.com/schemas/ArcGIS/10.5'&gt;&lt;WKT&gt;PROJCS[&amp;quot;Argentina_GKBsAs&amp;quot;,GEOGCS[&amp;quot;GCS_Campo_Inchauspe&amp;quot;,DATUM[&amp;quot;D_Campo_Inchauspe&amp;quot;,SPHEROID[&amp;quot;International_1924&amp;quot;,6378388.0,297.0]],PRIMEM[&amp;quot;Greenwich&amp;quot;,0.0],UNIT[&amp;quot;Degree&amp;quot;,0.0174532925199433]],PROJECTION[&amp;quot;Transverse_Mercator&amp;quot;],PARAMETER[&amp;quot;False_Easting&amp;quot;,100000.0],PARAMETER[&amp;quot;False_Northing&amp;quot;,100000.0],PARAMETER[&amp;quot;Central_Meridian&amp;quot;,-58.4627],PARAMETER[&amp;quot;Scale_Factor&amp;quot;,0.999998],PARAMETER[&amp;quot;Latitude_Of_Origin&amp;quot;,-34.6297166],UNIT[&amp;quot;Meter&amp;quot;,1.0]]&lt;/WKT&gt;&lt;XOrigin&gt;-5523400&lt;/XOrigin&gt;&lt;YOrigin&gt;-6068900&lt;/YOrigin&gt;&lt;XYScale&gt;450249651.57241428&lt;/XYScale&gt;&lt;ZOrigin&gt;-100000&lt;/ZOrigin&gt;&lt;ZScale&gt;10000&lt;/ZScale&gt;&lt;MOrigin&gt;-100000&lt;/MOrigin&gt;&lt;MScale&gt;10000&lt;/MScale&gt;&lt;XYTolerance&gt;0.001&lt;/XYTolerance&gt;&lt;ZTolerance&gt;0.001&lt;/ZTolerance&gt;&lt;MTolerance&gt;0.001&lt;/MTolerance&gt;&lt;HighPrecision&gt;true&lt;/HighPrecision&gt;&lt;/ProjectedCoordinateSystem&gt;</peXml></coordRef></DataProperties><SyncDate>20190318</SyncDate><SyncTime>21353700</SyncTime><ModDate>20190318</ModDate><ModTime>21353700</ModTime></Esri><dataIdInfo><envirDesc Sync="TRUE"> Version 6.2 (Build 9200) ; Esri ArcGIS 10.5.0.6491</envirDesc><dataLang><languageCode value="spa" Sync="TRUE"></languageCode><countryCode value="ARG" Sync="TRUE"></countryCode></dataLang><idCitation><resTitle Sync="TRUE">manzanasConvertidas_1</resTitle><presForm><PresFormCd value="005" Sync="TRUE"></PresFormCd></presForm></idCitation><spatRpType><SpatRepTypCd value="001" Sync="TRUE"></SpatRepTypCd></spatRpType></dataIdInfo><mdLang><languageCode value="spa" Sync="TRUE"></languageCode><countryCode value="ARG" Sync="TRUE"></countryCode></mdLang><mdChar><CharSetCd value="004" Sync="TRUE"></CharSetCd></mdChar><distInfo><distFormat><formatName Sync="TRUE">Shapefile</formatName></distFormat><distTranOps><transSize Sync="TRUE">0.000</transSize></distTranOps></distInfo><mdHrLv><ScopeCd value="005" Sync="TRUE"></ScopeCd></mdHrLv><mdHrLvName Sync="TRUE">dataset</mdHrLvName><refSysInfo><RefSystem><refSysID><identCode code="0" Sync="TRUE"></identCode></refSysID></RefSystem></refSysInfo><spatRepInfo><VectSpatRep><geometObjs Name="manzanasConvertidas_1"><geoObjTyp><GeoObjTypCd value="002" Sync="TRUE"></GeoObjTypCd></geoObjTyp><geoObjCnt Sync="TRUE">0</geoObjCnt></geometObjs><topLvl><TopoLevCd value="001" Sync="TRUE"></TopoLevCd></topLvl></VectSpatRep></spatRepInfo><spdoinfo><ptvctinf><esriterm Name="manzanasConvertidas_1"><efeatyp Sync="TRUE">Simple</efeatyp><efeageom code="4" Sync="TRUE"></efeageom><esritopo Sync="TRUE">FALSE</esritopo><efeacnt Sync="TRUE">0</efeacnt><spindex Sync="TRUE">FALSE</spindex><linrefer Sync="TRUE">FALSE</linrefer></esriterm></ptvctinf></spdoinfo><eainfo><detailed Name="manzanasConvertidas_1"><enttyp><enttypl Sync="TRUE">manzanasConvertidas_1</enttypl><enttypt Sync="TRUE">Feature Class</enttypt><enttypc Sync="TRUE">0</enttypc></enttyp><attr><attrlabl Sync="TRUE">FID</attrlabl><attalias Sync="TRUE">FID</attalias><attrtype Sync="TRUE">OID</attrtype><attwidth Sync="TRUE">4</attwidth><atprecis Sync="TRUE">0</atprecis><attscale Sync="TRUE">0</attscale><attrdef Sync="TRUE">Internal feature number.</attrdef><attrdefs Sync="TRUE">Esri</attrdefs><attrdomv><udom Sync="TRUE">Sequential unique whole numbers that are automatically generated.</udom></attrdomv></attr><attr><attrlabl Sync="TRUE">Shape</attrlabl><attalias Sync="TRUE">Shape</attalias><attrtype Sync="TRUE">Geometry</attrtype><attwidth Sync="TRUE">0</attwidth><atprecis Sync="TRUE">0</atprecis><attscale Sync="TRUE">0</attscale><attrdef Sync="TRUE">Feature geometry.</attrdef><attrdefs Sync="TRUE">Esri</attrdefs><attrdomv><udom Sync="TRUE">Coordinates defining the features.</udom></attrdomv></attr><attr><attrlabl Sync="TRUE">featid1</attrlabl><attalias Sync="TRUE">featid1</attalias><attrtype Sync="TRUE">Double</attrtype><attwidth Sync="TRUE">19</attwidth><atprecis Sync="TRUE">0</atprecis><attscale Sync="TRUE">0</attscale></attr><attr><attrlabl Sync="TRUE">seccion</attrlabl><attalias Sync="TRUE">seccion</attalias><attrtype Sync="TRUE">String</attrtype><attwidth Sync="TRUE">80</attwidth><atprecis Sync="TRUE">0</atprecis><attscale Sync="TRUE">0</attscale></attr><attr><attrlabl Sync="TRUE">manzana</attrlabl><attalias Sync="TRUE">manzana</attalias><attrtype Sync="TRUE">String</attrtype><attwidth Sync="TRUE">80</attwidth><atprecis Sync="TRUE">0</atprecis><attscale Sync="TRUE">0</attscale></attr><attr><attrlabl Sync="TRUE">sm</attrlabl><attalias Sync="TRUE">sm</attalias><attrtype Sync="TRUE">String</attrtype><attwidth Sync="TRUE">80</attwidth><atprecis Sync="TRUE">0</atprecis><attscale Sync="TRUE">0</attscale></attr></detailed></eainfo><mdDateSt Sync="TRUE">20190318</mdDateSt></metadata>
